-- DATABASE BACKUP FOR lemonart_lider 
-- Generation date and time: 24th February 2018 22:08:53
-- Generated by: dawid (Lemon Team)



--
-- Table structure for table `cms_accounts` 
--

CREATE TABLE `cms_accounts` (
  `id` int(2) NOT NULL AUTO_INCREMENT,
  `name` tinytext NOT NULL,
  `dateRegistered` datetime NOT NULL,
  `login` tinytext NOT NULL,
  `password` tinytext NOT NULL,
  `email` tinytext NOT NULL,
  `rank` int(2) NOT NULL,
  `active` tinyint(1) NOT NULL,
  `rememberMe` tinyint(1) NOT NULL,
  PRIMARY KEY (`id`)
) ENGINE=InnoDB AUTO_INCREMENT=3 DEFAULT CHARSET=utf8;

--
-- Dumping data for table `cms_accounts` 
--

INSERT INTO `cms_accounts` (`id`,`name`,`dateRegistered`,`login`,`password`,`email`,`rank`,`active`,`rememberMe`) VALUES
('1','Dawid Nawrot','2012-02-10 21:10:43','dawid','2ab7a2261a1233ea12ac1a53a53fa437a60d89475f3cc23abdb128c0e2d37df9','dawid@lemon-art.pl','1','1','0'),
('2','Michał Kortas','2012-02-16 22:29:34','michal','fe40246e8f2d2e382f7e52cc22b668fcaa0fe115cebbd26e0c0ecaf7b1cf7340','michal@lemon-art.pl','1','1','0');



--
-- Table structure for table `cms_accounts_ranks` 
--

CREATE TABLE `cms_accounts_ranks` (
  `id` int(11) NOT NULL AUTO_INCREMENT,
  `rank` tinytext NOT NULL,
  `access` text NOT NULL,
  `lang` varchar(2) NOT NULL,
  `color` varchar(6) NOT NULL,
  `special` tinyint(1) NOT NULL,
  PRIMARY KEY (`id`)
) ENGINE=InnoDB AUTO_INCREMENT=3 DEFAULT CHARSET=utf8;

--
-- Dumping data for table `cms_accounts_ranks` 
--

INSERT INTO `cms_accounts_ranks` (`id`,`rank`,`access`,`lang`,`color`,`special`) VALUES
('1','Lemon Team','ALL_ACCESS','pl','83b932','1'),
('2','Administrator','ALL_CURRENT_MODULES','pl','ee2151','1');



--
-- Table structure for table `cms_accounts_ranks_actions` 
--

CREATE TABLE `cms_accounts_ranks_actions` (
  `rank_id` int(11) NOT NULL,
  `module_id` int(11) NOT NULL,
  `action_id` int(11) NOT NULL,
  PRIMARY KEY (`rank_id`,`module_id`,`action_id`)
) ENGINE=InnoDB DEFAULT CHARSET=utf8;





--
-- Table structure for table `cms_actions` 
--

CREATE TABLE `cms_actions` (
  `id` int(11) NOT NULL AUTO_INCREMENT,
  `timestamp` timestamp NOT NULL DEFAULT CURRENT_TIMESTAMP ON UPDATE CURRENT_TIMESTAMP,
  `ip` tinytext NOT NULL,
  `login` tinytext NOT NULL,
  `name` tinytext NOT NULL,
  `rank` tinytext NOT NULL,
  `module` tinytext NOT NULL,
  `action` tinytext NOT NULL,
  `custom1` tinytext NOT NULL,
  `custom2` tinytext NOT NULL,
  PRIMARY KEY (`id`)
) ENGINE=InnoDB AUTO_INCREMENT=15 DEFAULT CHARSET=utf8;

--
-- Dumping data for table `cms_actions` 
--

INSERT INTO `cms_actions` (`id`,`timestamp`,`ip`,`login`,`name`,`rank`,`module`,`action`,`custom1`,`custom2`) VALUES
('1','2018-02-23 04:29:02','179.18.41.254','dawid','Dawid Nawrot','Lemon Team','CMS','login','',''),
('2','2018-02-23 04:42:05','179.18.41.254','dawid','Dawid Nawrot','Lemon Team','menu','add','Oferta',''),
('3','2018-02-23 04:42:31','179.18.41.254','dawid','Dawid Nawrot','Lemon Team','menu','add','Aktualności',''),
('4','2018-02-23 04:42:40','179.18.41.254','dawid','Dawid Nawrot','Lemon Team','menu','add','O nas',''),
('5','2018-02-23 04:42:48','179.18.41.254','dawid','Dawid Nawrot','Lemon Team','menu','add','Zasoby',''),
('6','2018-02-23 04:42:52','179.18.41.254','dawid','Dawid Nawrot','Lemon Team','menu','add','Kontakt',''),
('7','2018-02-23 04:43:15','179.18.41.254','dawid','Dawid Nawrot','Lemon Team','menu','add','Dane kontaktowe na żółtym pasku',''),
('8','2018-02-23 04:43:58','179.18.41.254','dawid','Dawid Nawrot','Lemon Team','menu','status','Zasoby',''),
('9','2018-02-23 04:43:58','179.18.41.254','dawid','Dawid Nawrot','Lemon Team','menu','status','O nas',''),
('10','2018-02-23 04:43:59','179.18.41.254','dawid','Dawid Nawrot','Lemon Team','menu','status','Oferta',''),
('11','2018-02-23 04:44:01','179.18.41.254','dawid','Dawid Nawrot','Lemon Team','menu','status','Aktualności',''),
('12','2018-02-23 04:44:13','179.18.41.254','dawid','Dawid Nawrot','Lemon Team','menu','status','Kontakt',''),
('13','2018-02-23 04:46:13','179.18.41.254','dawid','Dawid Nawrot','Lemon Team','menu','del','Dane kontaktowe na żółtym pasku',''),
('14','2018-02-24 23:08:48','179.18.47.164','dawid','Dawid Nawrot','Lemon Team','CMS','login','','');



--
-- Table structure for table `cms_actions_labels` 
--

CREATE TABLE `cms_actions_labels` (
  `id` int(11) NOT NULL AUTO_INCREMENT,
  `action` text NOT NULL,
  `label_pl` text NOT NULL,
  `label_en` text NOT NULL,
  `colour` text NOT NULL,
  `level` int(11) NOT NULL,
  PRIMARY KEY (`id`)
) ENGINE=InnoDB AUTO_INCREMENT=29 DEFAULT CHARSET=utf8;

--
-- Dumping data for table `cms_actions_labels` 
--

INSERT INTO `cms_actions_labels` (`id`,`action`,`label_pl`,`label_en`,`colour`,`level`) VALUES
('1','add','Dodawanie','Adding','green','1'),
('2','addcat','Dodawanie kategorii','Adding category','green','1'),
('3','edit','Edytowanie','Editing','yellow','1'),
('4','del','Usuwanie','Deleting','red','1'),
('5','status','Zmiana statusu','Changing status','pink','1'),
('6','editimg','Edycja zdjęcia','Editing image','yellow','2'),
('7','test','Testowanie','Testing','blue','1'),
('8','send','Wysyłanie','Sending','blue','1'),
('9','main','Ustawianie jako główny(a)','Setting as main','blue','0'),
('10','move','Zmiana pozycji','Changing position','aqua','1'),
('11','editd','Zmiana atrybutów zdjęć','Changing image attributes','blue','2'),
('12','delimg','Usuwanie zdjęcia','Deleting image','red','2'),
('13','upload','Wgrywanie plików','Uploading files','blue','2'),
('14','change','Zmiana hasła','Changing password','blue','1'),
('15','moveimg','Zmiana pozycji zdjęcia','Changing image position','aqua','2'),
('16','search','Wyszukiwanie','Searching','blue','1'),
('17','login','Zalogowanie','Logging in','grey','0'),
('18','logout','Wylogowanie','Logging out','grey','0'),
('19','click','Zmiana atrybutu strony (klikalna/nieklikalna)','Changing page attribute (clickable/non-clickable)','blue','1'),
('21','savefeature','Zapisywanie ustawienia','Saving setting','blue','0'),
('22','list','Przeglądanie','Viewing','blue','1'),
('23','filenamechange','Zmiana nazwy pliku','Changing file name','blue','2'),
('24','delfile','Usuwanie pliku','Deleting file','blue','2'),
('25','movefile','Zmiana pozycji pliku','Changing file position','blue','2'),
('26','copy','Kopiowanie obiektu','Duplicating','blue','1'),
('27','status-c','Status komentarzy (blog)','Comments status (blog)','blue','1'),
('28','imgmain','Zmiana zdjęcia jako główne','Changing image as main','blue','2');



--
-- Table structure for table `cms_blog` 
--

CREATE TABLE `cms_blog` (
  `id` int(11) NOT NULL AUTO_INCREMENT,
  `date` date NOT NULL,
  `title` mediumtext NOT NULL,
  `content` longtext,
  `lang` varchar(2) NOT NULL,
  `metaTitle` mediumtext,
  `metaDesc` mediumtext,
  `metaKeys` mediumtext,
  `intName` mediumtext NOT NULL,
  `status` tinyint(1) NOT NULL,
  `comments_enabled` tinyint(1) NOT NULL DEFAULT '1',
  `visits_count` int(11) NOT NULL DEFAULT '0',
  PRIMARY KEY (`id`)
) ENGINE=InnoDB DEFAULT CHARSET=utf8;





--
-- Table structure for table `cms_blog_comments` 
--

CREATE TABLE `cms_blog_comments` (
  `id` int(11) NOT NULL AUTO_INCREMENT,
  `post_id` int(11) NOT NULL,
  `comment_id` int(11) NOT NULL DEFAULT '0',
  `ip` tinytext NOT NULL,
  `name` tinytext NOT NULL,
  `email` tinytext,
  `content` text NOT NULL,
  `status` tinyint(1) NOT NULL DEFAULT '0',
  `date_added` datetime NOT NULL,
  PRIMARY KEY (`id`)
) ENGINE=InnoDB DEFAULT CHARSET=utf8;





--
-- Table structure for table `cms_blog_files` 
--

CREATE TABLE `cms_blog_files` (
  `id` int(11) NOT NULL AUTO_INCREMENT,
  `file` tinytext NOT NULL,
  `post_id` int(11) NOT NULL,
  `position` int(11) NOT NULL,
  `alt` mediumtext,
  `description` mediumtext,
  `link` tinytext,
  `main` tinyint(1) NOT NULL DEFAULT '0',
  PRIMARY KEY (`id`)
) ENGINE=InnoDB DEFAULT CHARSET=utf8;





--
-- Table structure for table `cms_blog_tags` 
--

CREATE TABLE `cms_blog_tags` (
  `tag_name` varchar(50) NOT NULL,
  `post_id` int(11) NOT NULL,
  PRIMARY KEY (`tag_name`,`post_id`)
) ENGINE=InnoDB DEFAULT CHARSET=utf8;





--
-- Table structure for table `cms_ckeditor` 
--

CREATE TABLE `cms_ckeditor` (
  `id` int(11) NOT NULL AUTO_INCREMENT,
  `name` tinytext NOT NULL,
  `className` tinytext NOT NULL,
  `element` tinytext NOT NULL,
  `styles` mediumtext NOT NULL,
  `attributes` mediumtext NOT NULL,
  PRIMARY KEY (`id`)
) ENGINE=InnoDB AUTO_INCREMENT=2 DEFAULT CHARSET=utf8;

--
-- Dumping data for table `cms_ckeditor` 
--

INSERT INTO `cms_ckeditor` (`id`,`name`,`className`,`element`,`styles`,`attributes`) VALUES
('1','Lightbox','ck_image_1','span','','class:lightbox');



--
-- Table structure for table `cms_fonts` 
--

CREATE TABLE `cms_fonts` (
  `id` int(11) NOT NULL AUTO_INCREMENT,
  `name` tinytext NOT NULL,
  `name_css` tinytext NOT NULL,
  `status` tinyint(1) NOT NULL,
  `system` tinyint(1) NOT NULL DEFAULT '0',
  `external` tinyint(1) NOT NULL DEFAULT '0',
  `url` text NOT NULL,
  PRIMARY KEY (`id`)
) ENGINE=InnoDB AUTO_INCREMENT=39 DEFAULT CHARSET=utf8;

--
-- Dumping data for table `cms_fonts` 
--

INSERT INTO `cms_fonts` (`id`,`name`,`name_css`,`status`,`system`,`external`,`url`) VALUES
('3','Century Gothic Bold','CenturyBold','0','0','0',''),
('7','Myriad Pro Regular','Myriad','0','0','0',''),
('8','Myriad Pro Condensed','MyriadCond','0','0','0',''),
('9','Myriad Pro Bold Condensed','MyriadBoldCond','0','0','0',''),
('12','Politica','Politica','0','0','0',''),
('13','Terminal Dosis Medium','TD','0','0','0',''),
('14','Traian','Traian','0','0','0',''),
('15','Arial','Arial','1','1','0',''),
('16','Tahoma','Tahoma','0','1','0',''),
('17','Times New Roman','Times New Roman','0','1','0',''),
('18','Verdana','Verdana','0','1','0',''),
('19','Georgia','Georgia','0','1','0',''),
('20','Trebuchet MS','Trebuchet MS','0','1','0',''),
('21','EFN Absolut Bold','EFNAbsolutBold','0','0','0',''),
('22','EFN Dekorator','EFNEDekorator','0','0','0',''),
('23','EFN Dustin Bold','EFNDustinBold','0','0','0',''),
('24','EFN Literaki','EFNLiteraki','0','0','0',''),
('25','Century Gothic Regular','Century','0','0','0',''),
('26','Lato Black','LatoBlack','0','0','0',''),
('27','Lato Bold','LatoBold','0','0','0',''),
('28','Lato Light','LatoLight','0','0','0',''),
('29','Lato Regular','LatoRegular','0','0','0',''),
('30','Open Sans Regular','OpenSansRegular','0','0','0',''),
('31','Open Sans Light','OpenSansLight','0','0','0',''),
('32','Open Sans Bold','OpenSansBold','0','0','0',''),
('33','Bebas Neue','BebasNeue','0','0','0',''),
('36','Alegreya Regular','AlegreyaRegular','1','0','0',''),
('37','Alegreya Bold','AlegreyaBold','1','0','0',''),
('38','Fjord','Fjord','1','0','0','');



--
-- Table structure for table `cms_gallery` 
--

CREATE TABLE `cms_gallery` (
  `id` int(4) NOT NULL AUTO_INCREMENT,
  `extName` tinytext NOT NULL,
  `intName` tinytext NOT NULL,
  `content` text NOT NULL,
  `position` int(3) NOT NULL,
  `lang` varchar(2) NOT NULL,
  `status` tinyint(1) NOT NULL,
  `main` tinyint(1) NOT NULL,
  `metaTitle` text NOT NULL,
  `metaKeys` text NOT NULL,
  `metaDesc` text NOT NULL,
  `category` tinyint(1) NOT NULL DEFAULT '0',
  `gallery_id` int(4) NOT NULL DEFAULT '0',
  PRIMARY KEY (`id`)
) ENGINE=InnoDB DEFAULT CHARSET=utf8;





--
-- Table structure for table `cms_gallery_files` 
--

CREATE TABLE `cms_gallery_files` (
  `id` int(4) NOT NULL AUTO_INCREMENT,
  `file` tinytext NOT NULL,
  `galleryId` int(3) NOT NULL,
  `position` int(3) NOT NULL,
  `alt` tinytext,
  `description` text,
  `link` mediumtext,
  `main` tinyint(1) DEFAULT NULL,
  PRIMARY KEY (`id`)
) ENGINE=InnoDB DEFAULT CHARSET=utf8;





--
-- Table structure for table `cms_hash` 
--

CREATE TABLE `cms_hash` (
  `id` int(11) NOT NULL AUTO_INCREMENT,
  `user_id` int(11) NOT NULL,
  `login` tinytext NOT NULL,
  `email` tinytext NOT NULL,
  `hash` text NOT NULL,
  `datetime` datetime NOT NULL,
  PRIMARY KEY (`id`)
) ENGINE=InnoDB DEFAULT CHARSET=utf8;





--
-- Table structure for table `cms_image_dimensions` 
--

CREATE TABLE `cms_image_dimensions` (
  `id` int(11) NOT NULL AUTO_INCREMENT,
  `name` tinytext NOT NULL,
  `width` int(4) NOT NULL,
  `height` int(4) NOT NULL,
  `portrait` tinytext NOT NULL,
  `landscape` tinytext NOT NULL,
  `moduleId` int(2) NOT NULL,
  `quality` int(3) NOT NULL DEFAULT '100',
  PRIMARY KEY (`id`)
) ENGINE=InnoDB AUTO_INCREMENT=8 DEFAULT CHARSET=utf8;

--
-- Dumping data for table `cms_image_dimensions` 
--

INSERT INTO `cms_image_dimensions` (`id`,`name`,`width`,`height`,`portrait`,`landscape`,`moduleId`,`quality`) VALUES
('1','Lemon Thumb','143','100','fit','fit','4','100'),
('2','Lemon Thumb','300','200','fit','fit','12','100'),
('3','Lemon Thumb','182','100','fit','fit','3','100'),
('4','Lemon Thumb','100','150','fit','fit','25','100'),
('5','Lemon Thumb','300','200','fit','fit','2','100'),
('6','Lemon Thumb','143','100','fit','fit','26','100'),
('7','Lemon Thumb','143','100','fit','fit','27','100');



--
-- Table structure for table `cms_langs` 
--

CREATE TABLE `cms_langs` (
  `id` int(1) NOT NULL AUTO_INCREMENT,
  `shortLang` tinytext NOT NULL,
  `longLang` tinytext NOT NULL,
  `position` int(1) NOT NULL,
  `status` tinyint(1) NOT NULL DEFAULT '0',
  `added` tinyint(1) NOT NULL DEFAULT '0',
  `main` tinyint(1) NOT NULL DEFAULT '0',
  PRIMARY KEY (`id`)
) ENGINE=InnoDB AUTO_INCREMENT=11 DEFAULT CHARSET=utf8;

--
-- Dumping data for table `cms_langs` 
--

INSERT INTO `cms_langs` (`id`,`shortLang`,`longLang`,`position`,`status`,`added`,`main`) VALUES
('1','pl','Polski','1','1','1','1'),
('2','en','English','2','0','0','0'),
('3','de','Deutsch','3','0','0','0'),
('4','ru','Russkiĭ','4','0','0','0'),
('5','es','Español','5','0','0','0'),
('6','fr','Français','6','0','0','0'),
('7','nl','Nederlands','7','0','0','0'),
('8','da','Deens','9','0','0','0'),
('9','se','Svenskt','9','0','0','0'),
('10','lt','Lietuvių','10','0','0','0');



--
-- Table structure for table `cms_menu` 
--

CREATE TABLE `cms_menu` (
  `id` int(3) NOT NULL AUTO_INCREMENT,
  `extName` tinytext NOT NULL,
  `intName` tinytext NOT NULL,
  `slogan` tinytext,
  `metaTitle` mediumtext NOT NULL,
  `metaDesc` mediumtext NOT NULL,
  `metaKeys` mediumtext NOT NULL,
  `content` longtext NOT NULL,
  `lang` tinytext NOT NULL,
  `status` tinyint(1) NOT NULL,
  `level` int(1) NOT NULL,
  `parentId` int(3) NOT NULL,
  `position` int(3) NOT NULL,
  `slideId` int(3) NOT NULL,
  `galleryId` int(11) NOT NULL,
  `clickable` tinyint(1) NOT NULL,
  `type` int(11) NOT NULL,
  `external_site` tinyint(1) NOT NULL,
  `external_site_link` tinytext NOT NULL,
  `moveable` tinyint(1) NOT NULL,
  `connection` int(11) NOT NULL DEFAULT '0',
  `connection_type` tinytext NOT NULL,
  `url_use` tinyint(1) NOT NULL DEFAULT '1',
  PRIMARY KEY (`id`)
) ENGINE=InnoDB AUTO_INCREMENT=7 DEFAULT CHARSET=utf8;

--
-- Dumping data for table `cms_menu` 
--

INSERT INTO `cms_menu` (`id`,`extName`,`intName`,`slogan`,`metaTitle`,`metaDesc`,`metaKeys`,`content`,`lang`,`status`,`level`,`parentId`,`position`,`slideId`,`galleryId`,`clickable`,`type`,`external_site`,`external_site_link`,`moveable`,`connection`,`connection_type`,`url_use`) VALUES
('1','Oferta','oferta','','','','','','pl','1','0','0','1','0','0','1','1','0','','1','0','','0'),
('2','Aktualności','aktualnosci','','','','','','pl','1','0','0','2','0','0','1','2','0','','1','2','module','0'),
('3','O nas','o-nas','','','','','','pl','1','0','0','3','0','0','1','1','0','','1','0','','0'),
('4','Zasoby','zasoby','','','','','','pl','1','0','0','4','0','0','1','1','0','','1','0','','0'),
('5','Kontakt','kontakt','','','','','','pl','1','0','0','5','0','0','1','1','0','','1','0','','0');



--
-- Table structure for table `cms_menu_exceptions` 
--

CREATE TABLE `cms_menu_exceptions` (
  `id` int(11) NOT NULL AUTO_INCREMENT,
  `name_int` tinytext NOT NULL,
  `name_pl` tinytext NOT NULL,
  `name_en` tinytext NOT NULL,
  PRIMARY KEY (`id`)
) ENGINE=InnoDB DEFAULT CHARSET=utf8;





--
-- Table structure for table `cms_menu_page_types` 
--

CREATE TABLE `cms_menu_page_types` (
  `pageType` int(11) NOT NULL AUTO_INCREMENT,
  `pageNamepl` mediumtext NOT NULL,
  `pageNameen` mediumtext NOT NULL,
  `internalName` tinyint(1) NOT NULL,
  `status` tinyint(1) NOT NULL,
  `edit` tinyint(1) NOT NULL,
  `delete` tinyint(1) NOT NULL,
  `lemonOnly` tinyint(1) NOT NULL,
  `plLabel` tinytext NOT NULL,
  `enLabel` tinytext NOT NULL,
  `colour` tinytext NOT NULL,
  PRIMARY KEY (`pageType`)
) ENGINE=InnoDB AUTO_INCREMENT=6 DEFAULT CHARSET=utf8;

--
-- Dumping data for table `cms_menu_page_types` 
--

INSERT INTO `cms_menu_page_types` (`pageType`,`pageNamepl`,`pageNameen`,`internalName`,`status`,`edit`,`delete`,`lemonOnly`,`plLabel`,`enLabel`,`colour`) VALUES
('1','Strona normalna, w pełni edytowalna','Normal page, fully editable','1','1','1','1','0','Zwykła','Normal','#807d7d'),
('2','Strona modułowa','Page connected to a module','0','1','0','0','0','Modułowa','Module','#a5c649'),
('3','Strona niewidoczna (na stałe)','Invisible page','1','0','1','1','0','Niewidoczna','Invisible','#804505'),
('5','Strona widoczna tylko przez Lemon-Art','Special page','1','1','1','1','1','Lemon-Art','Lemon-Art','#a40e27');



--
-- Table structure for table `cms_modules` 
--

CREATE TABLE `cms_modules` (
  `id` int(11) NOT NULL AUTO_INCREMENT,
  `plName` tinytext NOT NULL,
  `enName` tinytext NOT NULL,
  `shortName` tinytext NOT NULL,
  `position` int(11) NOT NULL,
  `status` tinyint(1) NOT NULL,
  `connectable` tinyint(1) NOT NULL,
  `moduleGroup` int(2) NOT NULL,
  `lemonOnly` tinyint(1) NOT NULL DEFAULT '0',
  `imagesPossible` tinyint(1) NOT NULL DEFAULT '0',
  PRIMARY KEY (`id`)
) ENGINE=InnoDB AUTO_INCREMENT=25 DEFAULT CHARSET=utf8;

--
-- Dumping data for table `cms_modules` 
--

INSERT INTO `cms_modules` (`id`,`plName`,`enName`,`shortName`,`position`,`status`,`connectable`,`moduleGroup`,`lemonOnly`,`imagesPossible`) VALUES
('1','Strony tekstowe','Text pages','menu','1','1','0','1','0','0'),
('2','Aktualności','News','news','2','1','1','1','0','1'),
('3','Pokaz slajdów','Slideshow','slideshow','1','1','0','2','0','1'),
('4','Galeria','Gallery','gallery','2','1','1','2','0','1'),
('5','Promobox','Promobox','promobox','1','1','0','4','0','0'),
('6','Newslettery','Newsletters','newsletter','2','0','0','3','0','0'),
('7','Języki','Languages','langs','1','0','0','6','0','0'),
('8','Odbiorcy','Users','users','4','0','0','3','0','0'),
('9','Konta','Accounts','accounts','1','1','0','7','0','0'),
('10','Rangi','Ranks','ranks','2','1','0','7','0','0'),
('11','Akcje','Actions','actions','3','1','0','7','0','0'),
('12','Konfiguracja','Config','config','1','1','0','8','0','0'),
('13','Zmiana hasła','Password change','passchange','4','1','0','8','0','0'),
('14','Tłumaczenie','Translation','translation','5','0','0','8','1','0'),
('15','Czcionki','Fonts','fonts','7','0','0','8','1','0'),
('16','CKEditor','CKEditor','ckeditor','8','0','0','8','1','0'),
('17','Rozmiary zdjęć','Image dimensions','images','9','0','0','8','1','0'),
('18','Skrypty','Scripts','scripts','6','0','0','8','1','0'),
('19','Moduły','Modules','modules','2','0','0','8','1','0'),
('20','Kopia bazy danych','Database backup','database','3','1','0','8','0','0'),
('21','Wpisy','Posts','blog','1','1','1','9','0','1'),
('22','Komentarze','Comments','blog_comments','2','1','0','9','0','0'),
('23','Grupy Odbiorców','User Groups','users_groups','3','0','0','3','0','0'),
('24','Szablony','Templates','newsletter_templates','1','0','0','3','0','0');



--
-- Table structure for table `cms_modules_actions` 
--

CREATE TABLE `cms_modules_actions` (
  `module_id` int(11) NOT NULL,
  `action_id` int(11) NOT NULL,
  PRIMARY KEY (`module_id`,`action_id`)
) ENGINE=InnoDB DEFAULT CHARSET=utf8;

--
-- Dumping data for table `cms_modules_actions` 
--

INSERT INTO `cms_modules_actions` (`module_id`,`action_id`) VALUES
('1','1'),
('1','3'),
('1','4'),
('1','5'),
('1','10'),
('1','22'),
('2','1'),
('2','3'),
('2','4'),
('2','5'),
('2','6'),
('2','9'),
('2','11'),
('2','12'),
('2','13'),
('2','15'),
('2','22'),
('3','1'),
('3','3'),
('3','4'),
('3','6'),
('3','9'),
('3','11'),
('3','12'),
('3','13'),
('3','15'),
('3','22'),
('4','1'),
('4','2'),
('4','3'),
('4','4'),
('4','5'),
('4','6'),
('4','9'),
('4','10'),
('4','11'),
('4','12'),
('4','13'),
('4','15'),
('4','22'),
('4','28'),
('5','1'),
('5','3'),
('5','4'),
('5','5'),
('5','7'),
('5','12'),
('5','22'),
('6','1'),
('6','3'),
('6','4'),
('6','7'),
('6','8'),
('6','22'),
('6','26'),
('7','1'),
('7','4'),
('7','5'),
('7','9'),
('7','22'),
('8','1'),
('8','3'),
('8','4'),
('8','22'),
('9','1'),
('9','3'),
('9','4'),
('9','5'),
('9','14'),
('9','22'),
('10','1'),
('10','3'),
('10','4'),
('10','22'),
('11','16'),
('11','22'),
('12','1'),
('12','3'),
('12','4'),
('12','5'),
('12','9'),
('12','10'),
('12','12'),
('12','22'),
('14','1'),
('14','3'),
('14','4'),
('14','22'),
('15','1'),
('15','3'),
('15','4'),
('15','13'),
('15','21'),
('15','22'),
('16','22'),
('17','1'),
('17','3'),
('17','4'),
('17','22'),
('18','1'),
('18','3'),
('18','4'),
('18','5'),
('18','7'),
('18','22'),
('19','1'),
('19','3'),
('19','4'),
('19','22'),
('20','1'),
('20','3'),
('20','4'),
('20','22'),
('21','0'),
('21','3'),
('21','4'),
('21','5'),
('21','11'),
('21','12'),
('21','13'),
('21','15'),
('21','22'),
('22','1'),
('22','3'),
('22','4'),
('22','5'),
('22','10'),
('22','22'),
('23','22'),
('25','1'),
('25','3'),
('25','4'),
('25','22'),
('26','0'),
('26','1'),
('26','3'),
('26','4'),
('26','5'),
('26','10'),
('26','11'),
('26','12'),
('26','15'),
('26','22'),
('27','1'),
('27','3'),
('27','4'),
('27','5'),
('27','6'),
('27','9'),
('27','10'),
('27','11'),
('27','12'),
('27','15'),
('27','22'),
('28','3'),
('28','4'),
('28','5'),
('28','22'),
('29','1'),
('29','3'),
('29','4'),
('29','22'),
('31','1'),
('31','3'),
('31','4'),
('31','22'),
('32','1'),
('32','3'),
('32','4'),
('32','5'),
('32','10'),
('32','22');



--
-- Table structure for table `cms_modules_groups` 
--

CREATE TABLE `cms_modules_groups` (
  `id` int(11) NOT NULL AUTO_INCREMENT,
  `name_pl` tinytext NOT NULL,
  `name_en` tinytext NOT NULL,
  `position` int(11) NOT NULL,
  `status` tinyint(1) NOT NULL,
  PRIMARY KEY (`id`)
) ENGINE=InnoDB AUTO_INCREMENT=10 DEFAULT CHARSET=utf8;

--
-- Dumping data for table `cms_modules_groups` 
--

INSERT INTO `cms_modules_groups` (`id`,`name_pl`,`name_en`,`position`,`status`) VALUES
('1','Treści','Contents','1','1'),
('2','Media','Media','3','1'),
('3','Newsletter','Newsletter','4','1'),
('4','Reklamy','Advertisements','5','1'),
('5','Inne','Others','6','0'),
('6','Języki','Languages','7','1'),
('7','Uzytkownicy','Users','8','1'),
('8','Konfiguracja','Configuration','9','1'),
('9','Blog','Blog','2','1');



--
-- Table structure for table `cms_news` 
--

CREATE TABLE `cms_news` (
  `id` int(11) NOT NULL AUTO_INCREMENT,
  `date` date NOT NULL,
  `title` tinytext NOT NULL,
  `content` longtext NOT NULL,
  `lang` varchar(2) NOT NULL,
  `galleryId` int(4) NOT NULL,
  `metaTitle` mediumtext NOT NULL,
  `metaDesc` mediumtext NOT NULL,
  `metaKeys` mediumtext NOT NULL,
  `intName` mediumtext NOT NULL,
  `status` tinyint(1) NOT NULL DEFAULT '0',
  `file` tinytext,
  PRIMARY KEY (`id`)
) ENGINE=InnoDB DEFAULT CHARSET=utf8;





--
-- Table structure for table `cms_news_files` 
--

CREATE TABLE `cms_news_files` (
  `id` int(11) NOT NULL AUTO_INCREMENT,
  `file` tinytext NOT NULL,
  `news_id` int(11) NOT NULL,
  `position` int(11) NOT NULL,
  `alt` mediumtext,
  `description` mediumtext,
  `link` tinytext,
  `main` tinyint(1) NOT NULL DEFAULT '0',
  PRIMARY KEY (`id`)
) ENGINE=InnoDB DEFAULT CHARSET=utf8;





--
-- Table structure for table `cms_newsletter` 
--

CREATE TABLE `cms_newsletter` (
  `id` int(11) NOT NULL AUTO_INCREMENT,
  `dateAdded` datetime NOT NULL,
  `dateSent` datetime NOT NULL,
  `title` text NOT NULL,
  `content` longtext NOT NULL,
  `lang` varchar(2) NOT NULL,
  PRIMARY KEY (`id`)
) ENGINE=InnoDB DEFAULT CHARSET=utf8;





--
-- Table structure for table `cms_newsletter_groups` 
--

CREATE TABLE `cms_newsletter_groups` (
  `id` int(11) NOT NULL AUTO_INCREMENT,
  `name` varchar(100) DEFAULT NULL,
  `lang` varchar(2) NOT NULL,
  PRIMARY KEY (`id`)
) ENGINE=InnoDB DEFAULT CHARSET=utf8;





--
-- Table structure for table `cms_newsletter_sends` 
--

CREATE TABLE `cms_newsletter_sends` (
  `id` int(11) NOT NULL AUTO_INCREMENT,
  `user_id` int(11) NOT NULL,
  `newsletter_id` int(11) NOT NULL,
  `group_id` int(11) NOT NULL,
  `user_email` tinytext NOT NULL,
  `newsletter_title` mediumtext NOT NULL,
  PRIMARY KEY (`id`)
) ENGINE=InnoDB DEFAULT CHARSET=utf8;





--
-- Table structure for table `cms_newsletter_templates` 
--

CREATE TABLE `cms_newsletter_templates` (
  `id` int(11) NOT NULL AUTO_INCREMENT,
  `name` tinytext NOT NULL,
  `content` text NOT NULL,
  `lang` varchar(2) NOT NULL,
  `date_added` datetime NOT NULL,
  `date_updated` datetime DEFAULT NULL,
  PRIMARY KEY (`id`)
) ENGINE=InnoDB DEFAULT CHARSET=utf8;





--
-- Table structure for table `cms_newsletter_users` 
--

CREATE TABLE `cms_newsletter_users` (
  `id` int(11) NOT NULL AUTO_INCREMENT,
  `dateAdded` datetime NOT NULL,
  `name` tinytext,
  `email` tinytext NOT NULL,
  `phone` tinytext,
  `lang` varchar(2) NOT NULL,
  `ip` tinytext,
  PRIMARY KEY (`id`)
) ENGINE=InnoDB DEFAULT CHARSET=utf8;





--
-- Table structure for table `cms_newsletter_users_groups` 
--

CREATE TABLE `cms_newsletter_users_groups` (
  `user_id` int(11) NOT NULL,
  `group_id` int(11) NOT NULL,
  PRIMARY KEY (`user_id`,`group_id`)
) ENGINE=InnoDB DEFAULT CHARSET=utf8;





--
-- Table structure for table `cms_promobox` 
--

CREATE TABLE `cms_promobox` (
  `id` int(11) NOT NULL AUTO_INCREMENT,
  `name` tinytext NOT NULL,
  `pageId` int(11) NOT NULL,
  `link` tinytext NOT NULL,
  `content` text NOT NULL,
  `file` tinytext NOT NULL,
  `bgColor` tinytext NOT NULL,
  `status` int(11) NOT NULL,
  `fitWindow` tinyint(1) NOT NULL,
  `borderColor` tinytext NOT NULL,
  `closeColor` tinytext NOT NULL,
  `textPosition` tinytext NOT NULL,
  `date_start` tinytext,
  `date_end` tinytext,
  PRIMARY KEY (`id`)
) ENGINE=InnoDB DEFAULT CHARSET=utf8;





--
-- Table structure for table `cms_scripts` 
--

CREATE TABLE `cms_scripts` (
  `id` int(11) NOT NULL AUTO_INCREMENT,
  `name` tinytext NOT NULL,
  `version` tinytext NOT NULL,
  `file` tinytext NOT NULL,
  `status` tinyint(1) NOT NULL,
  `type` tinytext NOT NULL,
  `async` tinyint(1) NOT NULL DEFAULT '0',
  PRIMARY KEY (`id`)
) ENGINE=InnoDB AUTO_INCREMENT=10 DEFAULT CHARSET=utf8;

--
-- Dumping data for table `cms_scripts` 
--

INSERT INTO `cms_scripts` (`id`,`name`,`version`,`file`,`status`,`type`,`async`) VALUES
('1','jQuery','3.1.0','https://ajax.googleapis.com/ajax/libs/jquery/3.1.0/jquery.min.js','1','JS','0'),
('2','jQuery - Cycle 2','2.1.6','/_scripts/jquery.cycle2.min.js','1','JS','0'),
('3','jQuery - Cycle 2 Carousel','v20141007','/_scripts/jquery.cycle2.carousel.min.js','0','JS','0'),
('4','jQuery - Cycle 2 Swipe','','/_scripts/jquery.cycle2.swipe.min.js','0','JS','0'),
('5','jQuery - Magnific Pop Up','1.1.0','/_scripts/jquery.magnific-popup.min.js','1','JS','0'),
('6','jQuery - Magnific Pop Up','1.1.0','/_scripts/magnific-popup.css','1','CSS','0'),
('7','jQuery - Lemon','1.0','/_scripts/jquery.lemon.1.0.js','1','JS','0'),
('8','Twitter Fetcher','15.0.1','/_scripts/twitterfetcher.js','0','JS','0'),
('9','Lemon Main','1.0','/_scripts/main.js','1','JS','0');



--
-- Table structure for table `cms_settings` 
--

CREATE TABLE `cms_settings` (
  `id` int(2) NOT NULL AUTO_INCREMENT,
  `featureName` tinytext NOT NULL,
  `featureValue` text NOT NULL,
  `featureDescription_en` text NOT NULL,
  `featureGroup` int(1) NOT NULL,
  `featureType` tinytext NOT NULL,
  `valueType` tinytext NOT NULL,
  `position` int(11) NOT NULL,
  `comment` text NOT NULL,
  `lemonOnly` tinyint(1) NOT NULL,
  `featureDescription_pl` text NOT NULL,
  `vitality` int(1) NOT NULL,
  PRIMARY KEY (`id`)
) ENGINE=InnoDB AUTO_INCREMENT=105 DEFAULT CHARSET=utf8;

--
-- Dumping data for table `cms_settings` 
--

INSERT INTO `cms_settings` (`id`,`featureName`,`featureValue`,`featureDescription_en`,`featureGroup`,`featureType`,`valueType`,`position`,`comment`,`lemonOnly`,`featureDescription_pl`,`vitality`) VALUES
('1','promo_html','<div style=\"text-align: center;\">\n\n	<br />\n\n	<br />\n\n	<span style=\"font-size:20px;\"><strong>Pamiętaj, aby robić kopię bazy danych przynajmniej raz w tygodniu!<br />\n\n	<br />\n\n	Ostatnią kopię możesz ściągnąć, klikając link po lewej stronie</strong></span></div>\n\n','Promobox','0','textarea','','0','','1','Promobox','2'),
('2','unique_hash','Gaw3gx56ffj9','Unique cms hash','0','','','0','','1','','0'),
('3','scripts_head','','Scripts head','0','textarea','','0','','1','Scripts head','3'),
('4','scripts_foot','','Scripts foot','0','textarea','','0','','1','Scripts foot','3'),
('5','cn','Ośrodek Profilaktykii Edukacji Lider','Company name','1','text','','1','','0','Nazwa firmy','1'),
('6','cw','http://lider.twojanowastrona.com','Company website address','1','text','','2','','0','Adres strony firmy','1'),
('7','cemail','elalider@interia.pl','Company contact e-mail','1','text','','3','','0','Kontaktowy adres e-mail','2'),
('8','cphone','509 534 733','Company contact telephone','1','text','','4','','0','Kontaktowy numer telefonu','2'),
('9','caddress','ul. Radna 54  14-300 Morąg','Company address','1','text','','5','','0','Adres firmy','2'),
('10','link_facebook','','Facebook link','1','text','','6','','0','Link do Facebooka','3'),
('11','link_twitter','','Twiiter link','1','text','','7','','0','Link do Twittera','3'),
('12','link_youtube','','YouTube link','1','text','','8','','0','Link do YouTube','3'),
('13','link_google','','Google+ link','1','text','','9','','0','Link do Google+','3'),
('15','menu_ps','true','Slideshow for each page','3','radio','','4','','0','Dołączanie pokazu slajdów do strony','3'),
('16','menu_pg','false','Gallery for each page','3','radio','','5','','0','Dołączanie galerii do strony','3'),
('17','menu_sl','1','Submenu Levels','3','text','','2','','1','Liczba poziomów submenu','3'),
('18','menu_int_auto','true','Automatic generation of internal name','3','radio','','1','','1','Automatyczne tworzenie nazw wewnętrznych','1'),
('19','news_ga','false','Gallery for each news','4','radio','','2','','0','Dołączanie galerii do aktualności','1'),
('20','news_go','true','Gallery within news','4','radio','','3','','1','Tworzenie galerii wewnątrz newsa','1'),
('21','news_int_auto','true','Automatic generation of seo-friendly URL','4','radio','','1','','0','Automatyczne generowanie przyjaznych linków','1'),
('23','gal_eg','false','External galleries','5','radio','','4','','0','Galeria mające własny link','3'),
('25','gallery_int_auto','true','Automatic generation of internal name','5','radio','','1','','1','Automatyczne tworzenie nazw wewnętrznych','1'),
('26','gal_main','false','Main gallery','5','radio','','5','','1','Możliwość ustawiania galerii jako głównej','3'),
('27','gallery_cats','false','Gallery categories','5','radio','','2','','0','Kategorie w galeriach','3'),
('28','slid_ms','true','Multiple slideshows','6','radio','','1','','0','Wiele pokazów slajdów','3'),
('29','slid_sm','false','Main (default) slideshow','6','radio','','2','','0','Możliwość ustawienia pokazu slajdów jako główny','3'),
('30','offers_bo','true','Best offer','7','radio','','2','','0','Wyróżnianie oferty','3'),
('31','offers_int_auto','false','Automatic generation of internal name','7','radio','','1','','1','Automatyczne tworzenie nazw wewnętrznych','1'),
('32','offers_price','false','Display price/discount options','7','radio','','3','True lets you put price and discount manually','0','Użycie ceny/rabatu w ofertach','3'),
('33','newsletter_from_name','','From name','8','text','','1','','0','Pole \"od\" przy wysyłaniu maili','1'),
('34','newsletter_from_email','','From e-mail address','8','text','','2','','0','Adres e-mail przy wysyłaniu maili','1'),
('35','version','2.7.9','CMS Version','9','text','','1','','1','Wersja CMS','1'),
('36','debug_mode','false','Debug Mode','9','radio','','2','','1','Tryb debugowania','1'),
('37','debug_ips','','Debug Mode IP\'s list (comma separeted)','9','text','','3','','1','Lista adresów IP dla debugowania (oddziel przecinkiem)','1'),
('38','cmsL','pl','Interface language','9','select','','4','','1','Język interfejsu','1'),
('39','session_time','900','Session time','9','text','INT','5','','1','Czas trwania sesji','1'),
('40','urls','full-noid','Front-end URL display type','9','select','','6','Full urls: <i>/parent/page/subpage <br /></i>\n\nCurrent page only: <i>/sub-page</i>','1','Sposób wyświetlania linków','1'),
('41','acm','false','Absolute Creative Media','9','radio','','7','','1','Wersja dla ACM','1'),
('42','restricted_names','admin cms login logout ajax','Restricted names for internal name value','9','text','','8','Multiple values separated by space','1','Niedozwolone nazwy','1'),
('43','default_info','default_page:select:1,meta_title:text:2,meta_keys:textarea:2,meta_desc:textarea:2','Default Information Types','9','text','','9','','1','Typy informacji domyślnych','1'),
('45','ckeditor_mainfont','36','Main font for CKEditor','15','text','INT','1','','0','Główna czcionka dla CKEditor','3'),
('46','ckeditor_bgcolor','ffffff','Background of the editor','15','text','','2','','0','Tło dla CKEditor','3'),
('47','ckeditor_fontsizes','12px/12px;13px/13px;14px/14px;15px/15px;16px/16px;17px/17px;18px/18px;19px/19px;20px/20px;21px/21px;22px/22px;23px/23px;','Available font sizes','15','text','','3','','0','Dostępne czcionki w CKEditor','3'),
('48','ckeditor_toolbar','Full','Type of toolbar','15','text','','4','','0','Typ przybornika narzędziowego','1'),
('49','blog_int_auto','true','Automatic generation of friendly URL','10','radio','','1','','1','Automatyczne tworzenie przyjaznego linku','1'),
('81','blog_galleries','true','Enable creating gallery within blog post','10','radio','','2','','0','Pozwól na tworzenie galerii we wpisie','1'),
('82','newsletter_ug','false','Newlsetter users groups','8','radio','','3','','1','Grupy odbirców','3'),
('83','blog_aa','false','Automatic accept of comments','10','radio','','3','','1','Automatyczne zatwierdzanie komentarzy','1'),
('84','blog_ca','true','Comments enabled','10','radio','','4','','1','Komentarze włączone','1'),
('85','blog_nc','false','Nested comments','10','radio','','5','','1','Zagnieżdżanie komentarzy','1'),
('86','blog_col','true','Show all comments on load','10','radio','','6','','1','Pokaż komentarze po załadowaniu strony','1'),
('87','blog_cs','math','Captcha','10','select','','7','','1','Typ zabezpieczenia Captcha','1'),
('88','blog_acd','true','Comment adding form always visible','10','radio','','8','','1','Formularz dodawania komentarza zawsze widoczny','1'),
('89','ckeditor_default_font_size','14','Editor\'s default font size','15','select','INT','0','','0','Domyślna czcionka edytora','1'),
('91','automatic_logout','true','Automatic logout','9','radio','','10','','1','Automatyczne wylogowanie','1'),
('92','gal_mg','true','Multiple galleries','5','radio','','3','','1','Wiele galerii','1'),
('93','menu_navigation_sets','true','Additional navigation sets','3','radio','','6','','1','Dodatkowe zestawy nawigacji','3'),
('94','cookies_enabled','false','Cookies enabled','11','radio','','1','','0','Informacja o ciasteczku włączona','3'),
('95','cookies_content','<span style=\"font-family:myriadboldcond;\"><span style=\"font-size:13px\"><span style=\"color:#800000;\">Korzystanie z witryny www.&lt;adres&gt;.pl oznacza zgodę na wykorzystywanie plików cookie, z których niektóre mogą być już zapisane w folderze przeglądarki. Aby uzyskać więcej informacji, przedjź do podstrony o </span><a data-cke-saved-href=\"/aktualnosci\" href=\"/aktualnosci\"><span style=\"color:#800000;\">ciasteczkach</span></a></span></span>','Content','11','ckeditor','','5','','0','Tekst informacji','3'),
('102','slid_inherit','false','Inherit slideshow','6','radio','','3','','0','Dziedziczenie pokazu slajdów','1'),
('103','link_types','admin','Link Type','9','text','','11','','1','Typ linków','1'),
('104','cron_path','','Cron Path','9','text','','12','','1','Ścieżka do backupu bazy','3');



--
-- Table structure for table `cms_settings_defaults` 
--

CREATE TABLE `cms_settings_defaults` (
  `id` int(11) NOT NULL AUTO_INCREMENT,
  `type` varchar(20) NOT NULL,
  `value` tinytext NOT NULL,
  `lang_id` int(11) NOT NULL,
  `position` int(11) NOT NULL,
  `featureType` tinytext NOT NULL,
  `vitality` int(1) NOT NULL,
  PRIMARY KEY (`id`)
) ENGINE=InnoDB AUTO_INCREMENT=9 DEFAULT CHARSET=utf8;

--
-- Dumping data for table `cms_settings_defaults` 
--

INSERT INTO `cms_settings_defaults` (`id`,`type`,`value`,`lang_id`,`position`,`featureType`,`vitality`) VALUES
('1','meta_desc','','2','4','textarea','2'),
('2','meta_keys','','1','3','textarea','2'),
('3','meta_title','','1','2','text','2'),
('4','meta_keys','','2','3','textarea','2'),
('5','default_page','','1','1','select','1'),
('6','meta_title','','2','2','text','2'),
('7','default_page','28','2','1','select','1'),
('8','meta_desc','','1','4','textarea','2');



--
-- Table structure for table `cms_settings_groups` 
--

CREATE TABLE `cms_settings_groups` (
  `id` int(11) NOT NULL AUTO_INCREMENT,
  `name_pl` varchar(45) NOT NULL,
  `name_en` varchar(45) NOT NULL,
  `module_id` int(3) NOT NULL,
  `position` int(11) NOT NULL,
  PRIMARY KEY (`id`),
  UNIQUE KEY `id_UNIQUE` (`id`)
) ENGINE=InnoDB AUTO_INCREMENT=12 DEFAULT CHARSET=utf8;

--
-- Dumping data for table `cms_settings_groups` 
--

INSERT INTO `cms_settings_groups` (`id`,`name_pl`,`name_en`,`module_id`,`position`) VALUES
('1','Informacje ogólne','General information','0','3'),
('2','Informacje domyślne','Default information','0','2'),
('3','Strony tekstowe','Text pages','1','4'),
('4','Aktualności','News','2','5'),
('5','Galeria','Gallery','4','7'),
('6','Pokaz slajdów','Slideshow','3','8'),
('7','Oferty','Offers','12','9'),
('8','Newsletter','Newsletter','6','10'),
('9','Konfiguracja CMSa','CMS Configuration','0','1'),
('10','Blog','Blog','27','6'),
('11','Cookies','Cookies','0','11');



--
-- Table structure for table `cms_slideshow` 
--

CREATE TABLE `cms_slideshow` (
  `id` int(11) NOT NULL AUTO_INCREMENT,
  `name` tinytext NOT NULL,
  `position` int(11) NOT NULL,
  `lang` varchar(2) NOT NULL,
  `main` tinyint(1) NOT NULL,
  PRIMARY KEY (`id`)
) ENGINE=InnoDB DEFAULT CHARSET=utf8;





--
-- Table structure for table `cms_slideshow_files` 
--

CREATE TABLE `cms_slideshow_files` (
  `id` int(11) NOT NULL AUTO_INCREMENT,
  `file` tinytext NOT NULL,
  `slideId` int(11) NOT NULL,
  `position` int(11) NOT NULL,
  `alt` tinytext,
  `description` text,
  `link` mediumtext,
  PRIMARY KEY (`id`)
) ENGINE=InnoDB DEFAULT CHARSET=utf8;





--
-- Table structure for table `cms_translation` 
--

CREATE TABLE `cms_translation` (
  `id` int(11) NOT NULL AUTO_INCREMENT,
  `pl` mediumtext NOT NULL,
  `en` mediumtext NOT NULL,
  `tId` int(11) NOT NULL,
  `tGroup` int(2) NOT NULL DEFAULT '0',
  PRIMARY KEY (`id`)
) ENGINE=InnoDB AUTO_INCREMENT=573 DEFAULT CHARSET=utf8;

--
-- Dumping data for table `cms_translation` 
--

INSERT INTO `cms_translation` (`id`,`pl`,`en`,`tId`,`tGroup`) VALUES
('1','Zaloguj','Login','1','0'),
('2','hasło','password','2','0'),
('3','Proszę podać login i hasło','Please enter your login and password','3','0'),
('4','Nieprawidłowe hasło','Password incorrect','4','0'),
('5','Podany użytkownik nie istnieje','The user does not exist','5','0'),
('6','Wylogowano pomyślnie','Logged out successfully','6','0'),
('7','Zalogowano jako:','Logged in as:','7','0'),
('8','Wyloguj','Logout','8','0'),
('9','Nazwa strony','Page name','9','0'),
('10','Nazwa wewnętrzna','Internal name','10','0'),
('11','Pokaz slajdów','Slideshow','11','0'),
('12','Status','Status','12','0'),
('13','Pozycja','Position','13','0'),
('14','Edytuj','Edit','14','0'),
('15','Usuń','Delete','15','0'),
('16','Tag META - Tytuł','META tag - Title','16','0'),
('17','Tag META - Słowa kluczowe','META tag - Keywords','17','0'),
('18','Tag META - Opis strony','META tag - Description','18','0'),
('19','Nazwa strony nadrzędnej','Parent page name','19','0'),
('20','wybierz','choose','20','0'),
('21','Dodaj','Add','21','0'),
('22','Zawartość','Content','22','0'),
('23','Proszę wypełnić wymagane pola oznaczone czerwonym kwadratem','Please fill out mandatory fields marked with red square','23','0'),
('24','Nazwa wewnętrzna jest nieprawidłowa','Internal page name is incorrect','24','0'),
('25','Nazwa wewnętrzna / przyjazny link to nazwa, która pojawia się w pasku adresu. Może zawierać tylko litery, cyfry, myślniki i podkreślniki.\nPozostawienie tego pola jako puste spowoduje utworzenie nazwy automatycznie','Internal name / friendly url is a name that appears in address bar and it can only contain letters, digits, dashes and underscores.\nIf you leave this field empty, internal name will be created automatically','25','0'),
('26','Nowa strona dodana pomyślnie','New page added successfully','26','0'),
('27','Wystąpił bład. Spróbuj ponownie lub skontaktuj się z administratorem','An error occurred. Please try again or contact administrator','27','0'),
('28','Edycja strony przebiegła pomyślnie','Page has been edited succesfully','28','0'),
('29','Czy na pewno chcesz usunać tę stronę?','Are you sure you want to delete this page?','29','0'),
('30','Strona usunięta pomyślnie','Page deleted successfully','30','0'),
('31','Pozycja strony zmieniona pomyślnie','Position of the page changed successfully','31','0'),
('32','Status strony zmieniony pomyślnie','Status of the page chagned successfully','32','0'),
('33','Tytuł','Title','33','0'),
('34','Data','Date','34','0'),
('35','News dodany pomyślnie','News added successfully','35','0'),
('36','Edycja newsa przebiegła pomyślnie','News edited successfully','36','0'),
('37','Czy na pewno chcesz usunąć tego newsa?','Are you sure you want to delete this piece of news?','37','0'),
('38','News usunięty pomyślnie','News has been deleted successfully','38','0'),
('39','Galeria','Gallery','39','0'),
('40','Pliki do załadowania','Files to upload','40','0'),
('41','Pliki zostały wgrane pomyślnie','Files uploaded successfully','41','0'),
('42','Pliki już załadowane','Files already uploaded','42','0'),
('43','Zdjęcie usunięte pomyślnie','Picture deleted successfully','43','0'),
('44','Czy na pewno chcesz usunąć to zdjęcie?','Are you sure you want to delete this picture?','44','0'),
('45','Edycja atrybutów i opisów zdjęcia','Edit ALT attribute and descriptions','45','0'),
('46','Atrybut ALT','ALT Attribute','46','0'),
('47','Opis','Description','47','0'),
('48','Zdjęcie edytowane pomyślnie','Picture edited successfully','48','0'),
('49','Galeria została dodana pomyślnie','Gallery has been added successfully','49','0'),
('50','Galeria usunięta pomyślnie','','50','0'),
('51','Czy na pewno chcesz usunać tę galerię?','Are you sure you want to delete this gallery?','51','0'),
('52','Status galerii zmieniony pomyślnie','Status of gallery changed successfully','52','0'),
('53','Pozycja galerii zmieniona pomyślnie','Position of gallery changed successfully','53','0'),
('54','Aktualizuj link zewnętrzny','Update external link','54','0'),
('55','Nowy pokaz slajdów utworzony pomyślnie','New slideshow added successfully','55','0'),
('56','Nazwa pokazu slajdów','Slideshow name','56','0'),
('57','Nazwa galerii','Gallery name','57','0'),
('58','Czy na pewno chcesz usunąć ten pokaz slajdów?','Are you sure you want to delete this slideshow?','58','0'),
('59','Pokaz slajdów usunięty pomyślnie','Slideshow deleted successfully','59','0'),
('60','Wybierz zdjęcia','Select files','60','0'),
('61','Dodaj stronę','Add page','61','0'),
('62','Dodaj galerię','Add gallery','62','0'),
('63','Dodaj newsa','Add news','63','0'),
('64','Dodaj pokaz slajdów','Add slideshow','64','0'),
('65','Przejdź do strony','Go to the site','65','0'),
('66','Ustaw jako główny','Set as default','66','0'),
('67','Wejdź','Enter','67','0'),
('68','Proszę podać hasło specjalne, aby zobaczyć konfigurację strony','Please enter special password to see site configuration module','68','0'),
('69','kod błędu','error code','69','0'),
('70','Podana nazwa wewnętrzna już istnieje','Internal name you have entered already exists','70','0'),
('71','Galeria edytowana pomyślnie','Gallery edited successfully','71','0'),
('72','Pokaz slajdów edytowany pomyślnie','Slideshow edited successfully','72','0'),
('73','Czy na pewno chcesz usunąć ten newsletter?','Are you sure you want to delete this newsletter?','73','0'),
('74','Dodaj newsletter','Add newsletter','74','0'),
('75','Data utworzenia','Creation date','75','0'),
('76','Ilość użytkowników','Users count','76','0'),
('77','Data wysłania','Sent date','77','0'),
('78','Wyślij','Send','78','0'),
('79','Newsletter dodany pomyślnie','Newsletter added successfully','79','0'),
('80','Newsletter edytowany pomyślnie','Newsletter edited successfully','80','0'),
('81','Newsletter usunięty pomyślnie','Newsletter deleted successfully','81','0'),
('82','Adres e-mail','E-mail address','82','0'),
('83','Newslettery otrzymane','Newsletters received','83','0'),
('84','Data dodania','Date added','84','0'),
('85','Dodaj użytkownika','Add user','85','0'),
('86','Adres e-mail','E-mail address','86','0'),
('87','Język','Language','87','0'),
('88','Nowy użytkownik dodany pomyślnie','New user added successfully','88','0'),
('89','Czy na pewno chcesz usunąć tego użytkownika?','Are you sure you want to delete this user?','89','0'),
('90','Użytkownik usunięty pomyślnie','User deleted successfully','90','0'),
('91','Użytkownik edytowany pomyślnie','User edited succesfully','91','0'),
('92','Newsletter wysłany pomyślnie do','Newsletter sent successfully to','92','0'),
('93','Konta użytkowników CMS','User Accounts CMS','93','0'),
('94','Rangi użytkowników CMS','User Ranks CMS','94','0'),
('95','Zarejestruj użytkownika','Register an user','95','0'),
('96','Dodaj rangę','Add new rank','96','0'),
('97','Imię i nazwisko / Firma','First and last name / Company','97','0'),
('98','Ranga','Rank','98','0'),
('100','Ranga dodana pomyślnie','Rank added successfully','100','0'),
('101','Kolor','Color','101','0'),
('102','Dostęp do modułów','Modules access','102','0'),
('103','Data rejestracji','Registration date','103','0'),
('104','Imię i nazwisko / Nazwa firmy','First and last name / Company name','104','0'),
('105','Login','Login','105','0'),
('106','Hasło','Password','106','0'),
('107','Nowe konto dodane pomyślnie','New account created successfully','107','0'),
('108','Dodaj rangę','Add rank','108','0'),
('109','Wybrany kolor jest już w użyciu','Chosen color is already in use','109','0'),
('110','Ranga edytowana pomyślnie','Rank edited successfully','110','0'),
('111','Czy na pewno chcesz usunąć tę rangę?','Are you sure you want to delete this rank?','111','0'),
('112','Ranga usunięta pomyślnie','Rank deleted successfully','112','0'),
('113','Adres e-mail','E-mail address','113','0'),
('114','Numer telefonu','Telephone number','114','0'),
('115','Konto użytkownika edytowane pomyślnie','User account edited successfully','115','0'),
('116','Czy na pewno chcesz usunąć te konto?','Are you sure you want to delete this account?','116','0'),
('117','Konto użytkownika usunięte pomyślnie','Account deleted successfully','117','0'),
('118','Wybrany login jest już w użyciu','Chosen login is already in use','118','0'),
('119','Status konta zmieniony pomyślnie','Status of the account changed successfully','119','0'),
('120','Użytkownik o podanym loginie nie został jeszcze aktywowany','This user is inactive','120','0'),
('121','Nie masz uprawnień do wykonania tej operacji','You have no permission to perform this operation','121','0'),
('122','Dodaj nowy język','Add new language','122','0'),
('123','Język usunięty pomyślnie','Language deleted successfully','123','0'),
('124','Język dodany pomyślnie','Language added successfully','124','0'),
('125','Czy na pewno chcesz usunąć ten język ?','Are you sure you want to delete this language?','125','0'),
('126','Wybierz język do dodania','Choose language you would like to add','126','0'),
('127','Podany adres e-mail jest nieprawidłowy','E-mail address is incorrect','127','0'),
('128','Użytkownik newslettera usunięty pomyślnie','Newsletter user deleted successfully','128','0'),
('129','Dodaj promobox','Add promobox','129','0'),
('130','Nazwa','Name','130','0'),
('131','Wymiary','Dimensions','131','0'),
('132','Wysokość','Height','132','0'),
('133','Szerokość','Width','133','0'),
('134','Plik graficzny','Graphic file','134','0'),
('135','Kolor tła (30% widoczności)','Background color (30% opacity)','135','0'),
('136','Biały','White','136','0'),
('137','Czarny','Black','137','0'),
('138','Wysokość i szerokość muszą być liczbami całkowitymi','Height and width have to be integers','138','0'),
('139','Wystąpił błąd podczas przetwarzania pliku graficznego','An error occurred while moving the image file','139','0'),
('140','Promobox dodany pomyślnie','Promobox added successfully','140','0'),
('141','Link do strony proszę podać jako ścieżkę absolutną zawierającą http://www.','Link to the site must be an absolute path including http://www.','141','0'),
('142','Plik graficzny musi mieć rozszerzenie JPG lub PNG','The image needs to be JPG or PNG type','142','0'),
('143','Status promoboxu zmieniony pomyślnie','Status of the promobox changed successfully','143','0'),
('144','Promobox usunięty pomyślnie','Promobox deleted successfully','144','0'),
('145','Promobox edytowany pomyślnie','Promobox edited successfully','145','0'),
('146','Czy na pewno chcesz usunąć ten promobox?','Are you sure you want to delete this promobox?','146','0'),
('147','Filtrowanie akcji użytkowników','Filtering actions of users','147','0'),
('148','Moduł','Module','148','0'),
('149','Nazwa użytkownika','Username','149','0'),
('150','Filtruj','Filter','150','0'),
('151','Data i czas','Date and time','151','0'),
('152','Element oraz jego \"rodzic\" (dokładny opis akcji)','Element and its \"parent\" (detailed description of the action)','152','0'),
('153','Legenda','Legend','153','0'),
('154','Dodawanie','Adding','154','0'),
('155','Edytowanie','Editing','155','0'),
('156','Usuwanie','Deleting','156','0'),
('157','Zmiana statusu','Status changing','157','0'),
('158','Zmiana miejsca','Position change','158','0'),
('159','Pozostałe akcje (wysyłanie, testowanie, aktywowanie itp.)','All other actions (sending, testing, activating etc.)','159','0'),
('160','(Wy)Logowanie','Logging in, logging out','160','0'),
('161','Adres IP','IP Address','161','0'),
('162','Dodaj ofertę','Add offer','162','0'),
('163','Cena','Price','163','0'),
('164','Rabat','Discount','164','0'),
('165','Zdjęcie','Picture','165','0'),
('166','Oferta dodana pomyślnie','Oferr added successfully','166','0'),
('167','Status oferty zmieniony pomyślnie','Status of the offer changed successfully','167','0'),
('168','Pozycja oferty zmieniona pomyślnie','Position of the offer changed succesfully','168','0'),
('169','Oferta edytowana pomyślnie','Offer edited successfully','169','0'),
('170','Oferta usunięta pomyślnie','Offer deleted successfully','170','0'),
('171','Czy na pewno chcesz usunąć tę ofertę?','Are you sure you want to delete this offer?','171','0'),
('172','Główna/y','Main','172','0'),
('173','','','173','0'),
('174','przypomnienie hasła','password reminder','174','0'),
('175','W celu wygenerowania nowego hasła proszę kliknąć poniższy link','In order to generate new password please click the following link','175','0'),
('176','WYGENERUJ HASŁO','GENERATE PASSWORD','176','0'),
('177','E-mail z hashem wysłany pomyślnie','E-mail with auto-generated unique hash has been sent','177','0'),
('178','Wystąpił błąd podczas wysyłania wiadomości','An error occurred while sending an e-mail','178','0'),
('179','Wygenerowanie nowego hasha nie powiodło się','The process of generating new hash has failed','179','0'),
('180','Nowe hasło','New password','180','0'),
('181','dla użytkownika','for user','181','0'),
('182','E-mail z nowym hasłem wysłany pomyślnie','E-mail with new password has been sent succesfully','182','0'),
('183','Nie udało się zmienić hasła','Password could not be changed','183','0'),
('184','Hash nie został odnaleziony','Hash could not be found','184','0'),
('185','Kliknij ten link jeśli zapomniałeś/aś swojego hasła. Wpisz swoją nazwę użytkownika (login) powyżej. Na podany w rejestracji adres e-mail zostanie wysłana wiadomość z linkiem, w który należy kliknąć,  w celu wygenerowania nowego hasła.','Click this link if you have forgotten your password. Enter your username(login) in the box above. We will send you an e-mail to the address you provided with the link. Please click in the link in the e-mail in order to generate new password','185','0'),
('186','Przypomnienie hasła','Password reminder','186','0'),
('187','zamknij','close','187','0'),
('188','Proszę podać nazwę użytkownika','Please enter your username','188','0'),
('189','Logowanie do panelu administracyjnego','Logging to the administration panel','189','0'),
('190','Czy na pewno chcesz usunąć ten moduł?','Are you sure you want to delete this module','190','0'),
('191','Moduł usunięty pomyślnie','Module deleted successfully','191','0'),
('192','Moduł dodany pomyślnie','Module added successfully','192','0'),
('193','Panel zarządzania treścią','Content management system','193','0'),
('194','(strona klikalna)','(page clickable)','194','0'),
('195','(strona nieklikalna)','(page not clickable)','195','0'),
('196','Status języka zmieniony pomyślnie','Language status changed successfully','196','0'),
('198','Kierowanie strony do linku zewnętrznego','Point to an external site','198','0'),
('199','Link do strony zewnętrznej','External site URL','199','0'),
('200','Proszę podać link zewnętrzny, do którego ma prowadzić strona','Please provide a URL','200','0'),
('206','użytkowników','users','201','0'),
('207','Zapamiętaj mnie (14 dni)','Remember me (14 days)','202','0'),
('208','Pamiętaj','Remember','203','0'),
('234','przedłuż','extend','204','0'),
('235','Adres, na który ma zostać wysłana testowa kopia newslettera','E-mail address to which testing newsletter is supposed to be sent','205','0'),
('236','Wiele adresów oddziel przecinkiem','Multiple addresses to be separated by comma','206','0'),
('237','Tytuł newslettera','Title of newsletter','207','0'),
('238','Testuj','Test','208','0'),
('249','Podgląd','Preview','209','0'),
('250','Ustawienia strony nie pozwalają na zmianę jej miejsca','Page\'s settings do not allow to change its position','210','0'),
('251','Data rozpoczęcia','Start date','211','0'),
('252','Data zakończenia','End date','212','0'),
('253','Liczba głosów','Votes count','213','0'),
('254','Kolor obramowania','Border color','214','0'),
('255','Kolor krzyżyka','Color of closing \'x\'','215','0'),
('256','Pod zdjęciem','Below image','216','0'),
('257','Nad zdjęciem','Above image','217','0'),
('258','Dopasuj do rozmiaru okna','Fit to window','218','0'),
('259','Położenie tekstu','Text position','219','0'),
('260','Strona nie istnieje','Page doesn\'t exist','220','0'),
('261','Promobox musi mieć zawartość tekstową lub graficzną','Promobox has to have either image or text content','221','0'),
('262','Nie można zmienić nazwy wewnętrznej','Internal name cannot be changed','197','0'),
('264','Tekst','Text','222','0'),
('277','Zmień hasło','Change password','223','0'),
('278','Stare hasło','Old password','224','0'),
('279','Nowe hasło','New password','225','0'),
('280','Zmień','Change','226','0'),
('281','Hasło musi mieć przynajmniej 6 znaków','Password needs to contain at least 6 characters','227','0'),
('282','Hasło zmienione pomyślnie','Password changed successfully','228','0'),
('283','Wpisane stare hasło jest nieprawidłowe','Entered old password is incorrect','229','0'),
('284','Połączenie strony z konkretnym modułem','Connect page to a specific module','230','0'),
('285','Dodaj rangę','Add rank','231','0'),
('287',' to ranga specjalna, nie może być edytowana lub usunieta',' is a special rank, and it can\'t be edited or deleted','232','0'),
('288','Ranga Twojego użytkownika została usunięta','Your user rank has been deleted','233','0'),
('289','Dostęp zabroniony','Access denied','234','0'),
('290','dla','for','235','0'),
('291','Witamy','Welcome','236','0'),
('292','Zaloguj się','Please log in','237','0'),
('293','wybierz język','choose language','238','0'),
('294','Kliknij tutaj jeśli chcesz uniknąć automatycznego wylogowania z CMS','Click here if you want to avoid automatic logout from CMS','239','0'),
('295','Cześć!','Hello!','240','0'),
('296','To pole jest obowiązkowe i musi zostać wypełnione','This field is mandatory and has to be filled out','241','0'),
('297','To pole nie jest wymagane, jednakże może pomóc np. w pozycjonowaniu','This field is not mandatory, however it can help with things like SEO','242','0'),
('298','To pole jest opcjonalne','This field is entirely optional','243','0'),
('299','Typ strony','Page type','244','0'),
('300','Połączenie z modułem lub wyjątkiem','Connection to a module or exception','245','0'),
('301','Przy wybraniu strony modułowej, musisz wskazać docelowy moduł (i vice versa)','When you choose page type as \'module\', you have to specify module connection (and vice versa)','246','0'),
('303','lub link do strony','or link to a webpage','247','0'),
('304','Do prawidłowego wyświetlania zdjęć w newsletterze, wymagane jest uzupełnienie adresu strony w konfiguracji','In order to properly display images in the newsletter, client\'s website address needs to be given in the config area','248','0'),
('305','Pamiętaj! Nie-standardowe czcionki zostaną wyświetlone przy użyciu czcionek systemowych!','Remember! Custom fonts will be displayed using system fonts!','249','0'),
('306','Wybierz plik','Choose file','250','0'),
('307','Nazwa w pliku CSS','CSS reference','251','0'),
('308','Polskie znaki','PL Support','252','0'),
('309','Dodaj czcionkę','Add font','253','0'),
('310','Nazwa czcionki','Font name','254','0'),
('311','Nazwa pliku','File name','255','0'),
('312','Kolor tła edytora','Editor\'s background colour','256','0'),
('313','Główna czcionka edytora','Editor\'s main font','257','0'),
('314','Typ paska z narzędziami','Type of toolbar','258','0'),
('315','Dostępne wielkości czcionki','Available font sizes','259','0'),
('316','Typ elementu','Type of element','260','0'),
('317','Style','Styles','261','0'),
('318','Atrybuty','Attributes','262','0'),
('319','Styl dodany pomyślnie','Style added successfully','263','0'),
('320','Styl edytowany pomyślnie','Style edited successfully','264','0'),
('321','Styl usunięty pomyślnie','Style deleted successfully','265','0'),
('322','Lista języków','Languages list','266','0'),
('323','Zapisz zmiany','Save changes','267','0'),
('324','Opcja zapisana pomyślnie','Setting saved successfully','268','0'),
('325','Wartość tej opcji musi być liczbą','Value of this feature must be an integer','269','0'),
('326','Grupa','Group','270','0'),
('327','Pozycja modułu zmieniona pomyślnie','Module position changed successfully','271','0'),
('328','Nazwa polska','Polish name','272','0'),
('329','Nazwa angielska','English name','273','0'),
('330','Krótka nazwa (taka sam jak includowany plik)','Short name (exactly the same as name of include file)','274','0'),
('331','Moduł można połączyć ze stroną','Connectable','275','0'),
('332','Moduł widoczny tylko dla Lemon-Art','Module visible only to Lemon-Art','276','0'),
('333','Moduł edytowany pomyślnie','Module edited successfully','277','0'),
('334','Moduł usunięty pomyślnie','Module deleted successfully','278','0'),
('335','Zestaw usunięty pomyślnie','Set deleted successfully','279','0'),
('336','Rodzaj ustawienia zdjęć portretowych','Portrait images option','280','0'),
('337','Rodzaj ustawienia zdjęć krajobrazowych','Landscape images option','281','0'),
('338','Wypełnienie','Filling','282','0'),
('339','Dopasowanie','Fitting','283','0'),
('340','Podane wartości już istnieją dla wybranego modułu','Dimension set already exists for chosen module','284','0'),
('341','Zestaw zapisany pomyślnie','Set added successfully','285','0'),
('342','Wystąpił błąd podczas tworzenia katalogu','Catalog could not be created','286','0'),
('343','Zestaw edytowany pomyślnie','Set edited successfully','287','0'),
('344','Skrypty w nagłówce strony ','Scripts in the header','288','0'),
('345','Skrypty w stopce strony','Scripts in the footer','289','0'),
('346','Lista wgranych skryptów','List of available scripts','290','0'),
('347','Czy na pewno chcesz usunąć ten skrypt?','Are you sure you want to delete this script?','291','0'),
('348','Skrypty edytowane pomyślnie','Scripts edited successfully','292','0'),
('349','Status skryptu zmieniony pomyślnie','Status of the script changed successfully','293','0'),
('350','Dodaj moduł','Add module','294','0'),
('351','Nagłówek','Header','295','0'),
('352','Przyjazny link','SEO-Friendly Link','296','0'),
('353','Przyjazny link nie spełnia wymagań','SEO-Friendly Link doesn\'t meet the requirements','297','0'),
('354','Brak uprawnień do modyfikacji tego pola','No access to modify this field','298','0'),
('355','Jedno lub więcej zdjęć mogły nie zostać poprawnie wgrane. ','One or more images could not be uploaded successfully','299','0'),
('356','Hasło testowe','Testing phrase','300','0'),
('357','Rozmiar czcionki','Font size','301','0'),
('358','Ustaw','Set','302','0'),
('359','Wersja polska','Polish version','303','0'),
('360','Wersja angielska','English version','304','0'),
('364','Tłumaczenie zapisane pomyślnie','Translation saved succesfully','305','0'),
('365','Tłumaczenie usunięte pomyślnie','Translation deleted succesfully','306','0'),
('366','Tłumaczenie edytowane pomyślnie','Translation edited succesfully','307','0'),
('367','Czy na pewno chcesz usunąć to tłumaczenie?','Are you sure you want to delete this translation?','308','0'),
('368','Nie można utworzyć kopii bazy danych','Database backup could not be created','309','0'),
('369','Nowa kopia bazy danych została utworzona pomyślnie','New database backup has been successfully created','310','0'),
('370','Aby skutecznie wysłać newsletter, uzupełnij adres mailowy oraz adres strony w konfiguracji','In order to successfully send a newsletter, please fill out e-mail address and website url in config section.','311','0'),
('371','Wybrany moduł nie może zostać uruchomiony. Upewnij się, że został on zakupiony z Twoją wersją CMSa oraz że wszystkie pliki są poprawnie skopiowane w folderze _modules','Chosen module can not be initiated. Make sure it was purchased with your version of CMS and that all files are correctly copied in _modules directory','312','0'),
('372','Autor','Author','313','0'),
('373','Rok wydania','Year','314','0'),
('374','Wydawnictwo','Publisher','315','0'),
('375','Dodaj książkę','Add book','316','0'),
('376','Seria','Series','317','0'),
('377','Ocena','Ratings','318','0'),
('378','Pożyczone','Lent','319','0'),
('379','Osoba pożyczająca','The borrower','320','0'),
('380','Lista życzeń','Wishlist','321','0'),
('381','Chęć posiadania','Possessiveness','322','0'),
('382','Opis','Description','323','0'),
('383','Recenzja','Review','324','0'),
('384','Rok wydania musi składać się z 4 cyfr','Year of publication must be 4 digits','325','0'),
('385','Okładka','Cover','326','0'),
('386','Możliwość dołączania zdjęć','Images possible','327','0'),
('387','Książka dodana pomyślnie','Book added successfully','328','0'),
('388','Książka edytowana pomyślnie','Book edited successfully','329','0'),
('389','Książka usunięta pomyślnie','Book deleted successfully','330','0'),
('390','Czy na pewno chcesz usunąć tę książkę?','Are you sure you want to delete this book?','331','0'),
('391','Wypożyczone z bilioteki','Borrowed from the library','332','0'),
('392','Proszę wpisać osobę, której została pożyczona książka','Please fill out the field with borrower\'s name','333','0'),
('393','Status newsa zmieniony pomyślnie','News status changed successfully','334','0'),
('394','Biblioteka','Library','335','0'),
('395','Książki','Books','336','0'),
('396','E-książki','Ebooks','337','0'),
('397','Imię','First name','338','0'),
('398','Nazwisko','Surname','339','0'),
('399','Ostatnia kopia bazy danych została zrobiona:','The database was last time backed up on:','340','0'),
('400','Adres dodany pomyślnie','E-mail added successfully','341','0'),
('401','Podany adres został już zapisany','Given e-mail has already been added','342','0'),
('402','Wystąpił błąd. Proszę spróbować ponownie','An error occured. Please try again','343','0'),
('403','Wpisz poprawny adres e-mail','Enter e-mail address in correct format','344','0'),
('404','Proszę wypełnić formularz','Please fill out the form','345','0'),
('405','Zdjęcie {current} z {total}','Image {current} of {total}','346','0'),
('406','Poprzedni','Previous','347','0'),
('407','Następny','Next','348','0'),
('408','Zamknij','Close','349','0'),
('409','Nie można wyświetlić zawartości','Content failed to load','350','0'),
('410','Nie można wyświetlić zdjęcia','Image failed to load','351','0'),
('411','Wróć do listy','Go back','352','0'),
('412','Moduły','Modules','353','0'),
('413','Wyjątki','Exceptions','354','0'),
('414','Język pomyślnie ustawiony jako główny','Language set as default successfully','355','0'),
('415','Przynajmniej jeden język jest wymagany','At least one language has to be active','356','0'),
('416','Usuwanie języka domyślnego jest zabronione. Zmień język domyślny','Deleting default language is prohibited. Change default language first','357','0'),
('417','Domyślny/a','Default','358','0'),
('418','Wyłączenie języka domyślnego jest zabronione. Zmień język domyślny','Deactivating default language is prohibited. Change default language first','359','0'),
('419','Język domyślny musi mieć status - włączony','Default language has to be activated first','360','0'),
('420','Wybierz plik(i)','Choose file(s)','361','0'),
('421','Strona niewidoczna nie może prowadzić do zewnętrznej strony','Invisible page can\'t point to external site','362','0'),
('422','zobacz stronę','go to the site','363','0'),
('423','Dodaj kategorię','Add category','364','0'),
('424','Kategoria dodana pomyślnie','Category added successfully','365','0'),
('425','Kategoria edytowana pomyślnie','Category edited successfully','366','0'),
('426','Kategoria usunięta pomyślnie','Category deleted successfully','367','0'),
('427','Status kategorii zmieniony pomyślnie','Category status changed successfully','368','0'),
('428','Pozycja kategorii zmieniona pomyślnie','Category position changed successfully','369','0'),
('429','Kategoria','Category','370','0'),
('430','Wgrywanie zdjęć do kategorii jest niedozwolone','Uploading images to a category is not allowed','371','0'),
('431','Ustawienia nie pozwlają na zmianę miejsca tego obiektu','Object\'s settings do not allow to change its position','372','0'),
('432','Nazwa kategorii','Category name','373','0'),
('433','Ramy czasowe','Date range','374','0'),
('434','Włączenie tego promoboxa spowoduje kolizję z już aktywnym promoboxem dla tej strony','Chosen promobox can\'t be switched on. It will collide with another active promobox for this page','375','0'),
('435','Kliknij, aby edytować opis zdjęcia lub atrybut ALT','Click here to edit description or ALT atribute','376','0'),
('436','Kliknij, aby usunąć zdjęcie','Click here to delete this picture','377','0'),
('437','Kliknij, aby skadrować zdjęcie','Click here to crop this image','378','0'),
('438','Zdjęcie skadrowane pomyślnie','Image cropped successfully','379','0'),
('439','Wystąpił problem podczas przetwarzania skadrowanego zdjęcia, spróbuj ponownie','An error occurred during cropped image processing, please try again','380','0'),
('440','Zaznacz obszar, którzy chcesz wykadrować','Select area you want to be cropped','381','0'),
('441','Przywróć do oryginalnego pliku','Restore to the original file','382','0'),
('442','Plik został przywrócony do oryginalnej postaci','File has been successfully restored','383','0'),
('443','Jakość','Quality','384','0'),
('444','Jakość musi być wyrażona w postaci dodatniej liczby','Quality must be represented by positive number','385','0'),
('445','Nazwa klasy oraz element','Class name and element','386','0'),
('446','Style','Styles','387','0'),
('447','Atrybuty','Attributes','388','0'),
('448','Dodaj produkt / kategorię','Add product / category','389','0'),
('449','Nazwa produktu / kategorii','Product / category name','390','0'),
('450','Opis produktu / kategorii','Product / category description','391','0'),
('451','Dokumenty (doc, pdf, txt)','Documents (doc, pdf, txt)','392','0'),
('452','Czy na pewno chcesz usunąć ten plik?','Are you sure you want to delete this file?','393','0'),
('453','Nazwa produktu / kategorii nadrzędnej','Parent product / category','394','0'),
('454','Produkt / kategoria dodana pomyślnie','Product / category added successfully','395','0'),
('455','Produkt / kategoria edytowana pomyślnie','Product / category edited successfully','396','0'),
('456','Produkt / kategoria usunięta pomyślnie','Product / category deleted successfully','397','0'),
('457','Pozycja produktu / kategorii zmieniona pomyślnie','Product / category position changed successfully','398','0'),
('458','Status produktu / kategorii zmieniony pomyślnie','Product / category status  changed successfully','399','0'),
('459','Czy na pewno chcesz usunąć ten produkt / kategorię?','Are you sure you want to delete this product / category?','400','0'),
('460','Plik usunięty pomyślnie','File deleted successfully','401','0'),
('461','Nazwa pliku zmieniona pomyśnie','File name changed successfully','402','0'),
('462','Zestaw pomyślnie ustawiony jako główny','Set successfully changed as default','403','0'),
('463','Kliknij i przytrzymaj, aby przenieść plik','Click and hold to change file\'s position','404','0'),
('464','Klknij, aby ściągnąć ten plik','Click to download this file','405','0'),
('465','Klknij, aby edytować nazwę pliku','Click to edit file\'s name','406','0'),
('467','Klknij, aby usunąć plik','Click to delete this file','407','0'),
('468','przeniesienie niemożliwe','not available','408','0'),
('469','Kadrowanie zdjęcia','Image cropping','409','0'),
('470','Kadruj','Crop','410','0'),
('471','Istnieje przynajmniej jeden obiekt o tej samej nazwie wewnętrznej. Wszystkie nazwy muszą być unikalne.','There is at least one object with the same internal name. All internal names have to be unique','411','0'),
('472','Wpisany \"przyjazny link\" już istnieje w innym obiekcie','\"Friendly link\" entered already exists','412','0'),
('473','Imię i nazwisko','First and last name','413','0'),
('474','Link do strony (zewnętrznej lub wewnętrznej)','Link to a page (external or internal)','414','0'),
('475','Status modułu/group modułowej zmieniony pomyślnie','Module / module group status changed successfully','415','0'),
('476','Dodaj wpis','Add blog post','416','0'),
('477','Tagi (słowa kluczowe)','Tags (keywords)','417','0'),
('478','Status wpisu zmieniony pomyślnie','Post status changed successfully','418','0'),
('479','Wpis usunięty pomyślnie','Post deleted successfully','419','0'),
('480','Grupa modułowa','Module group','420','0'),
('481','Możliwe akcje','Possible actions','421','0'),
('482','Edycja modułu nie powiodła się. Nieudana próba nadpisania akcji','Module could not be edited. Attempt to overwrite actions has not been successfull','422','0'),
('483','Wybrana akcja nie została skonfigurowana dla tego modułu','Chosen action has not been configured for this module','423','0'),
('484','Nazwa grupy','Group name','424','0'),
('485','Ilość użytkowników','User count','425','0'),
('486','Dodaj grupę','Add group','426','0'),
('487','Grupa dodana pomyślnie','Group added successfully','427','0'),
('488','Grupa edytowana pomyślnie','Group edited successfully','428','0'),
('489','Grupa usunięta pomyślnie','Group deleted successfully','429','0'),
('490','Czy na pewno chcesz usunąc tę grupę?','Are you sure you want to delete this group?','430','0'),
('491','Użytkownicy','Users','431','0'),
('492','Grupy odbiorców','User groups','432','0'),
('493','Dane odbiorcy','User details','433','0'),
('494','Wyślij do wszystkich odbiorców','Send to all users','434','0'),
('495','Wybierz grupy odbiorców','Choose user groups','435','0'),
('496','Odbiorcy bez grupy','Users with no group assigned','436','0'),
('497','Liczba odbiorców','Users count','437','0'),
('498','Wyślij ponownie jako nowy newsletter','Send again as a new newsletter','438','0'),
('499','Wysyłanie newslettera','You are about to send following newsletter','439','0'),
('500','Szablon dodany pomyślnie','Template added successfully','440','0'),
('501','Szablon edytowany pomyślnie','Template edited successfully','441','0'),
('502','Szablon usunięty pomyślnie','Template deleted successfully','442','0'),
('503','Czy na pewno chcesz usunąć ten szablon?','Are you sure you want to delete this template?','443','0'),
('504','Dodaj szablon','Add template','444','0'),
('505','Nazwa szablonu','Template name','445','0'),
('506','Ostatnia modyfikacja','Last modification','446','0'),
('507','Załaduj szablon','Load template','447','0'),
('508','Dane komentującego','Commentator\'s details','448','0'),
('509','Tytuł wpisu','Post title','449','0'),
('510','Treść komentarza','Comment','450','0'),
('511','Komentarz edytowany pomyślnie','Comment edited successfully','451','0'),
('512','Komentarz usunięty pomyślnie','Comment deleted successfully','452','0'),
('513','Czy na pewno chcesz usunąć ten komentarz?','Are you sure you want to delete this comment?','453','0'),
('514','Status komentarza zmieniony pomyślnie','Comment status changed successfully','454','0'),
('515','Komentarze','Comments','455','0'),
('516','Komentarze','Comments','456','0'),
('517','Dodaj komentarz','Leave a comment','457','0'),
('518','Adres e-mail','E-mail address','458','0'),
('519','Treść komentarza','Your comment','459','0'),
('520','Proste dodawanie/odejmowanie','Easy addition/substraction','460','0'),
('521','Bezpieczny obrazek CAPTCHA','CAPTCHA secure image','461','0'),
('522','Komentarz dodany pomyślnie','Comment added successfully','462','0'),
('523','Wystąpił błąd podczas dodawania komentarza, proszę spróbować ponownie','An error occurred, please try again','463','0'),
('524','Podany wynik działania jest nieprawidłowy','Result of the equation is incorrect','464','0'),
('525','Podany kod z obrazka jest nieprawidłowy','Given text does not match the Captcha image','465','0'),
('526','Proszę wypełnić cały formularz','Please fill out the form','466','0'),
('527','Podaj wynik działania','Solve the equation','467','0'),
('528','Odpowiedz','Reply','468','0'),
('530','Wpisz kod z obrazka','Enter the code from the image','469','0'),
('531','Status komentarzy','Comments status','470','0'),
('532','Włączone','Enabled','471','0'),
('533','Wyłączone','Disabled','472','0'),
('534','Status komentarzy zmieniony pomyślnie','Comments status changed succesffully','473','0'),
('536','Komentarz edytowany pomyślnie','Comment edited successfully','474','0'),
('537','Proszę wpisać poprawny adres e-mail','Please enter correct e-mail address','475','0'),
('538','Zostanie on opublikowany po zatwierdzeniu przez administratora','It will be published after administrator\'s approval','476','0'),
('539','Komentarze do zatwierdzenia','Comments to be approved','477','0'),
('540','Tagi','Tags','478','0'),
('541','Czytaj więcej...','Read more...','479','0'),
('542','Zdjęcie pomyślnie ustawione jako główne','Image successfully set as main','480','0'),
('543','Newsletter nie został wysłany z powodu braku odbiorców','Newsletter has not been sent. No recipients found','481','0'),
('544','E-mail','E-mail','482','0'),
('545','Nie zostały zdefiniowane żadne rozmiary zdjęć dla wybranego modułu','There are no image sets defined for chosen module','483','0'),
('546','Upewnij się, że wybrana akcja zostanie zatwierdzona tylko dla odpowiednich elementów!','Make sure the chosen actions is going to be applied only to the right elements!','484','0'),
('547','Podgląd linków','Link preview','485','0'),
('548','Domyślna czcionka edytora','Editor\'s default font size','486','0'),
('549','Czy na pewno chcesz wczytać inny szablon? Dotychczasowa zawartość zostanie bezpowrotnie usunięta!','Are you sure you want to load chosen template?  Existing content will be irrevocably overwritten!','487','0'),
('550','brak przypisanej rangi','rank not assigned','488','0'),
('551','Edycja plików styli dla CKEditora','Editing style file for CKEditor','489','0'),
('552','Plik graficzny nie istnieje, wgraj go ponownie','Graphic file does not exist. Upload it again','490','0'),
('553','Czy na pewno chcesz usunąć ten styl?','Are you sure you want to delete this style?','491','0'),
('554','Czy na pewno chcesz usunąć tę czcionkę?','Are you sure you want to delete this font?','492','0'),
('555','Czy na pewno chcesz usunąć ten zestaw?','Are you sure you want to delete this set?','493','0'),
('556','Dodaj nowy zestaw nawigacji','Add new navigation set','494','0'),
('557','Nazwa setu','Set name','495','0'),
('558','Dodaj stronę(y) do zestawu','Add page(s) to a set','496','0'),
('559','Zestaw dodany pomyślnie','Set added successfully','497','0'),
('560','Już istnieje zestaw o podanej nazwie','Set with given name already exists','498','0'),
('561','Wybrana strona jest już przypisana do tego zestawu','Chosen page has already been assigned to this set','499','0'),
('562','Strona przypisana pomyślnie','Page assigned successfully','500','0'),
('563','Dodane zostaną również podstrony, które są rodzicami wybranej podstrony','All parent pages of chosen page will also be added','501','0'),
('564','Dodaj wszystkie podstrony','Add all subpages','502','0'),
('565','Czy na pewno chcesz usunąć tę stronę z wybranego zestawu?','Are you sure you want to delete this page from selected set?','503','0'),
('566','Akceptuj i zamknij','Accept and close','504','0'),
('567','Komentarze do zatwierdzenia','Comments awaiting approval','505','0'),
('568','Zapisz i kontynuuj','Save & Continue','506','0'),
('569','Wpis dodany pomyślnie','Post added successfully','507','0'),
('570','Wpis edytowany pomyślnie','Post edited successfully','508','0'),
('571','Czcionka zewnętrzna','External font','509','0'),
('572','Zewnętrzna czcionka musi mieć URL','External font has to have corresponding URL','510','0');



--
-- Table structure for table `system_cron_jobs` 
--

CREATE TABLE `system_cron_jobs` (
  `id` int(11) NOT NULL AUTO_INCREMENT,
  `job_name` text NOT NULL,
  `executed` datetime NOT NULL,
  `result` tinytext,
  PRIMARY KEY (`id`)
) ENGINE=InnoDB DEFAULT CHARSET=utf8;

